{"stats":{"minecraft:dropped":{"biomesoplenty:toadstool":2,"minecraft:stone_axe":1,"minecraft:wheat_seeds":1,"minecraft:birch_sapling":1,"minecraft:cobblestone":1,"minecraft:lantern":1,"minecraft:item_frame":1,"minecraft:flower_pot":1,"minecraft:wooden_axe":1,"minecraft:rose_bush":1,"gravestone:obituary":4,"spore:armor_fragment":2,"minecraft:spruce_sapling":13},"minecraft:mined":{"the_silence:sad_satan":1,"minecraft:crafting_table":1,"minecraft:grass_block":5,"minecraft:rose_bush":4,"minecraft:cobblestone":2,"biomesoplenty:sprout":1,"minecraft:spruce_leaves":10,"minecraft:sugar_cane":3,"spore:acid":1,"minecraft:large_fern":4,"minecraft:potted_birch_sapling":2,"minecraft:iron_ore":3,"minecraft:sweet_berry_bush":50,"treechop:chopped_log":2,"minecraft:grass":5,"minecraft:bookshelf":11,"minecraft:coal_ore":23,"minecraft:dirt":4,"minecraft:cyan_carpet":7,"minecraft:stone":51,"minecraft:spruce_slab":1,"minecraft:fern":4},"minecraft:used":{"minecraft:jack_o_lantern":1,"minecraft:stone_pickaxe":84,"minecraft:wooden_pickaxe":4,"minecraft:rotten_flesh":3,"minecraft:crafting_table":3,"minecraft:wooden_axe":1,"minecraft:lectern":1,"minecraft:spruce_sapling":1,"minecraft:stone_axe":93,"minecraft:cobblestone":5,"minecraft:written_book":1,"minecraft:sweet_berries":65,"minecraft:furnace":2,"minecraft:cooked_porkchop":2,"the_silence:sad_satan":1},"minecraft:killed":{"weeping_angels:weeping_angel":1,"minecraft:pig":5,"minecraft:skeleton":2,"minecraft:sheep":4,"minecraft:zombie":7,"spore:spitter":1},"minecraft:custom":{"minecraft:interact_with_furnace":9,"minecraft:mob_kills":20,"minecraft:interact_with_crafting_table":52,"minecraft:damage_dealt_resisted":0,"minecraft:leave_game":7,"minecraft:time_since_death":1935,"minecraft:sleep_in_bed":12,"minecraft:time_since_rest":1950,"minecraft:sprint_one_cm":160532,"minecraft:damage_taken":1200,"minecraft:walk_one_cm":173845,"minecraft:drop":26,"minecraft:damage_dealt":2743,"minecraft:swim_one_cm":1821,"minecraft:fly_one_cm":146606,"minecraft:open_chest":5,"minecraft:crouch_one_cm":3553,"minecraft:play_time":44546,"minecraft:deaths":2,"minecraft:sneak_time":506,"minecraft:walk_under_water_one_cm":773,"minecraft:jump":801,"minecraft:walk_on_water_one_cm":1156,"minecraft:total_world_time":44546,"minecraft:fall_one_cm":23836},"minecraft:picked_up":{"minecraft:wooden_axe":2,"minecraft:crafting_table":1,"minecraft:flower_pot":2,"gravestone:obituary":4,"minecraft:dirt":8,"minecraft:lantern":1,"minecraft:item_frame":1,"spore:corrosive_sack":1,"minecraft:cyan_carpet":8,"minecraft:wheat_seeds":2,"minecraft:written_book":2,"minecraft:rose_bush":6,"minecraft:spruce_slab":1,"minecraft:lectern":1,"minecraft:sugar_cane":5,"minecraft:birch_sapling":2,"minecraft:book":33,"biomesoplenty:toadstool":2,"minecraft:stick":4,"minecraft:raw_iron":3,"apotheosis:gem":9,"minecraft:stone":1,"minecraft:sweet_berries":97,"spore:armor_fragment":3,"the_silence:sad_satan":1,"minecraft:porkchop":8,"minecraft:spruce_sapling":14,"minecraft:spruce_log":14,"minecraft:arrow":2,"minecraft:rotten_flesh":6,"minecraft:stone_shovel":1,"minecraft:stone_axe":1,"minecraft:soul_lantern":2,"sophisticatedbackpacks:copper_backpack":1,"minecraft:jack_o_lantern":1,"minecraft:mutton":6,"minecraft:black_wool":2,"minecraft:coal":24,"minecraft:white_wool":2,"minecraft:cobblestone":56},"minecraft:crafted":{"minecraft:cooked_porkchop":8,"minecraft:crafting_table":2,"minecraft:spruce_planks":56,"minecraft:wooden_pickaxe":1,"minecraft:furnace":1,"minecraft:stone_axe":1,"minecraft:cooked_mutton":4,"minecraft:air":0,"minecraft:stick":12,"minecraft:iron_ingot":0,"minecraft:stone_pickaxe":1,"minecraft:wooden_axe":1},"minecraft:killed_by":{"minecraft:zombie":1}},"DataVersion":3120}