{"stats":{"minecraft:dropped":{"minecraft:gravel":9,"minecraft:iron_ingot":1,"biomesoplenty:toadstool":2,"minecraft:stone_axe":1,"minecraft:wheat_seeds":1,"minecraft:birch_sapling":1,"minecraft:cobblestone":1,"minecraft:lantern":1,"minecraft:granite":15,"minecraft:item_frame":1,"minecraft:dirt":5,"minecraft:flower_pot":1,"minecraft:wooden_axe":1,"minecraft:rose_bush":1,"gravestone:obituary":4,"minecraft:arrow":2,"spore:armor_fragment":2,"minecraft:spruce_sapling":14,"minecraft:bone":2},"minecraft:mined":{"spore:wall_growths":1,"the_silence:sad_satan":4,"minecraft:jack_o_lantern":2,"minecraft:crafting_table":5,"minecraft:granite":15,"minecraft:grass_block":7,"minecraft:rose_bush":6,"minecraft:lectern":1,"minecraft:cobblestone":6,"biomesoplenty:sprout":4,"minecraft:spruce_leaves":10,"minecraft:sugar_cane":3,"spore:acid":1,"minecraft:large_fern":4,"minecraft:purple_bed":2,"minecraft:potted_birch_sapling":2,"minecraft:furnace":4,"minecraft:iron_ore":5,"minecraft:sweet_berry_bush":50,"minecraft:spruce_log":2,"treechop:chopped_log":3,"minecraft:grass":6,"minecraft:bookshelf":11,"minecraft:coal_ore":38,"minecraft:gravel":11,"minecraft:dirt":10,"minecraft:cyan_carpet":7,"minecraft:stone":72,"minecraft:spruce_slab":1,"minecraft:fern":4},"minecraft:used":{"minecraft:jack_o_lantern":2,"minecraft:stone_pickaxe":123,"minecraft:spruce_planks":15,"minecraft:wooden_pickaxe":40,"minecraft:rotten_flesh":13,"minecraft:dirt":2,"minecraft:crafting_table":5,"minecraft:wooden_axe":1,"minecraft:lectern":1,"minecraft:spruce_sapling":1,"minecraft:gravel":1,"minecraft:stone_axe":138,"minecraft:purple_bed":1,"minecraft:cobblestone":13,"minecraft:written_book":1,"minecraft:sweet_berries":65,"minecraft:furnace":3,"minecraft:cooked_porkchop":2,"minecraft:cooked_beef":8,"the_silence:sad_satan":1},"minecraft:killed":{"weeping_angels:weeping_angel":1,"minecraft:pig":5,"minecraft:skeleton":7,"minecraft:sheep":7,"spore:mound":1,"minecraft:zombie":8,"camocreepers:camo_creeper":1,"spore:spitter":1},"minecraft:custom":{"minecraft:interact_with_furnace":18,"minecraft:mob_kills":31,"minecraft:interact_with_crafting_table":58,"minecraft:damage_dealt_resisted":0,"minecraft:leave_game":7,"minecraft:time_since_death":19935,"minecraft:climb_one_cm":7149,"minecraft:sleep_in_bed":13,"minecraft:time_since_rest":1315,"minecraft:sprint_one_cm":257151,"minecraft:damage_taken":2325,"minecraft:walk_one_cm":237567,"minecraft:drop":36,"minecraft:damage_dealt":4444,"minecraft:swim_one_cm":1821,"minecraft:fly_one_cm":289052,"minecraft:open_chest":18,"minecraft:crouch_one_cm":11800,"minecraft:play_time":62546,"minecraft:deaths":2,"minecraft:sneak_time":2518,"minecraft:walk_under_water_one_cm":773,"minecraft:jump":1333,"minecraft:walk_on_water_one_cm":1156,"minecraft:total_world_time":62546,"minecraft:fall_one_cm":46105},"minecraft:picked_up":{"minecraft:wooden_axe":2,"minecraft:crafting_table":5,"minecraft:cooked_beef":8,"minecraft:flower_pot":2,"minecraft:flint":1,"gravestone:obituary":4,"minecraft:gunpowder":2,"minecraft:dirt":15,"minecraft:lantern":1,"minecraft:leather_boots":1,"minecraft:item_frame":1,"spore:corrosive_sack":1,"minecraft:bone":8,"minecraft:cyan_carpet":8,"minecraft:bow":2,"minecraft:wheat_seeds":2,"minecraft:iron_ingot":1,"minecraft:written_book":2,"minecraft:rose_bush":6,"spore:mutated_fiber":7,"minecraft:spruce_slab":1,"minecraft:lectern":2,"minecraft:sugar_cane":5,"minecraft:birch_sapling":2,"minecraft:furnace":4,"minecraft:book":33,"biomesoplenty:toadstool":2,"minecraft:stick":4,"minecraft:raw_iron":5,"apotheosis:gem":11,"minecraft:stone":1,"minecraft:sweet_berries":97,"spore:armor_fragment":3,"minecraft:gravel":10,"the_silence:sad_satan":4,"minecraft:porkchop":8,"minecraft:spruce_sapling":15,"minecraft:spruce_log":17,"minecraft:purple_bed":2,"minecraft:arrow":10,"minecraft:rotten_flesh":16,"minecraft:stone_shovel":1,"minecraft:stone_axe":1,"minecraft:soul_lantern":2,"minecraft:granite":15,"minecraft:gray_wool":1,"sophisticatedbackpacks:copper_backpack":1,"minecraft:jack_o_lantern":3,"minecraft:mutton":10,"minecraft:black_wool":2,"minecraft:coal":45,"minecraft:white_wool":4,"minecraft:cobblestone":81},"minecraft:crafted":{"minecraft:cooked_porkchop":8,"minecraft:crafting_table":3,"minecraft:spruce_planks":68,"minecraft:wooden_pickaxe":2,"minecraft:furnace":1,"minecraft:stone_axe":2,"minecraft:cooked_mutton":4,"minecraft:air":0,"minecraft:shield":1,"minecraft:stick":28,"minecraft:iron_ingot":2,"minecraft:stone_pickaxe":2,"minecraft:wooden_axe":1},"minecraft:killed_by":{"minecraft:zombie":1}},"DataVersion":3120}