{"stats":{"minecraft:killed_by":{"spore:inf_hazmat":1},"minecraft:used":{"minecraft:bow":18,"iceandfire:dread_stone_bricks_mossy":1,"minecraft:cyan_carpet":4},"minecraft:mined":{"iceandfire:dread_stone_bricks_mossy":1,"minecraft:cyan_carpet":5,"minecraft:red_bed":1,"minecraft:powder_snow":6,"minecraft:spruce_slab":1,"minecraft:bookshelf":1,"gravestone:gravestone":1},"minecraft:picked_up":{"minecraft:arrow":2,"minecraft:bone":3,"iceandfire:dread_stone_bricks_mossy":1,"minecraft:item_frame":1,"minecraft:book":3,"minecraft:cyan_carpet":5,"apotheosis:gem":4,"minecraft:red_bed":1},"minecraft:custom":{"minecraft:time_since_rest":3357,"minecraft:open_chest":4,"minecraft:deaths":1,"minecraft:crouch_one_cm":3783,"minecraft:damage_taken":325,"minecraft:play_time":11477,"minecraft:sprint_one_cm":33279,"minecraft:walk_one_cm":44558,"minecraft:sneak_time":1138,"minecraft:mob_kills":2,"minecraft:drop":4,"minecraft:interact_with_brewingstand":1,"minecraft:jump":207,"minecraft:damage_dealt":139,"minecraft:time_since_death":3328,"minecraft:total_world_time":11477,"minecraft:climb_one_cm":3992,"minecraft:fall_one_cm":5074,"minecraft:fly_one_cm":32749,"minecraft:interact_with_furnace":1},"minecraft:killed":{"spore:inf_hazmat":1,"iceandfire:dread_ghoul":1},"minecraft:dropped":{"gravestone:obituary":1,"minecraft:iron_leggings":1,"minecraft:iron_sword":1,"minecraft:iron_boots":1}},"DataVersion":3120}