{"stats":{"minecraft:killed_by":{"minecraft:skeleton":1},"minecraft:mined":{"minecraft:red_carpet":1,"minecraft:smoker":1,"minecraft:crafting_table":4,"minecraft:glow_lichen":2,"gravestone:gravestone":3,"minecraft:grass_block":4,"minecraft:rose_bush":1,"minecraft:mushroom_stem":4,"minecraft:tall_grass":3,"minecraft:damaged_anvil":1,"minecraft:hay_block":18,"minecraft:beehive":1,"minecraft:iron_ore":2,"minecraft:birch_leaves":7,"minecraft:andesite":1,"treechop:chopped_log":7,"minecraft:grass":8,"minecraft:bookshelf":8,"minecraft:coal_ore":16,"minecraft:zombie_head":1,"minecraft:gravel":4,"minecraft:dirt":2,"minecraft:stone":2,"minecraft:oak_leaves":1,"minecraft:fern":1},"minecraft:crafted":{"minecraft:smooth_stone":5,"minecraft:oak_planks":24,"minecraft:crafting_table":2,"minecraft:furnace":2,"minecraft:blast_furnace":1,"minecraft:stone":5,"minecraft:bone_meal":6,"minecraft:bread":24,"minecraft:air":0,"minecraft:golden_apple":1,"jet_and_elias_armors:outrider_set_helmet":2,"minecraft:iron_axe":1,"minecraft:stick":20,"minecraft:iron_pickaxe":1,"weaponmaster:weaponkit":1,"bossominium:charcoal_bone_meal":1,"minecraft:wheat":90},"minecraft:dropped":{"minecraft:gravel":13,"minecraft:bread":12,"minecraft:wheat_seeds":7,"minecraft:wheat":8,"minecraft:iron_helmet":1,"minecraft:cobblestone":55,"minecraft:rotten_flesh":2,"minecraft:ender_eye":1,"minecraft:chainmail_helmet":1,"patchouli:guide_book":1,"minecraft:chainmail_chestplate":2,"minecraft:stick":1,"minecraft:flint":3,"minecraft:leather_chestplate":1,"minecraft:dirt":20,"minecraft:hay_block":4,"jet_and_elias_armors:outrider_set_helmet":1,"minecraft:shield":1,"minecraft:charcoal":5,"minecraft:rose_bush":4,"apotheosis:gem":2,"minecraft:leather_boots":2,"minecraft:oak_sapling":1,"minecraft:chainmail_boots":1,"minecraft:zombie_head":1,"gravestone:obituary":5,"minecraft:wooden_sword":1,"minecraft:iron_axe":1,"minecraft:blue_orchid":7,"minecraft:smooth_stone":2,"bossominium:guardian_sapling":2,"minecraft:string":2},"minecraft:broken":{"minecraft:iron_axe":2},"minecraft:used":{"minecraft:spruce_planks":3,"minecraft:shield":27,"minecraft:leather_boots":1,"minecraft:golden_apple":1,"minecraft:dirt":5,"minecraft:crafting_table":6,"minecraft:blast_furnace":1,"minecraft:crossbow":40,"minecraft:ender_eye":1,"minecraft:iron_axe":343,"minecraft:bread":69,"minecraft:iron_pickaxe":23,"minecraft:gravel":14,"minecraft:cobblestone":8,"minecraft:wooden_sword":50,"minecraft:hay_block":4,"bossominium:guardian_sapling":1,"minecraft:furnace":1,"minecraft:experience_bottle":22},"minecraft:custom":{"minecraft:interact_with_smithing_table":1,"minecraft:interact_with_furnace":3,"spartanshields:shield_bash_hits":5,"minecraft:mob_kills":47,"minecraft:interact_with_crafting_table":19,"minecraft:open_barrel":47,"minecraft:damage_dealt_resisted":0,"minecraft:interact_with_stonecutter":1,"minecraft:leave_game":2,"minecraft:time_since_death":89771,"minecraft:damage_resisted":0,"minecraft:climb_one_cm":15324,"minecraft:time_since_rest":89796,"minecraft:sprint_one_cm":458878,"minecraft:damage_absorbed":40,"minecraft:damage_taken":5286,"minecraft:walk_one_cm":340687,"minecraft:damage_blocked_by_shield":1310,"minecraft:drop":60,"minecraft:damage_dealt":22285,"minecraft:swim_one_cm":125,"minecraft:fly_one_cm":324382,"minecraft:talked_to_villager":2,"minecraft:open_chest":38,"minecraft:crouch_one_cm":24677,"minecraft:play_time":109371,"minecraft:deaths":4,"minecraft:sneak_time":7484,"minecraft:walk_under_water_one_cm":977,"minecraft:jump":1629,"minecraft:interact_with_blast_furnace":2,"minecraft:walk_on_water_one_cm":898,"minecraft:interact_with_smoker":1,"minecraft:total_world_time":109371,"minecraft:fall_one_cm":60946},"minecraft:killed":{"minecraft:witch":1,"minecraft:vindicator":1,"minecraft:spider":2,"minecraft:iron_golem":1,"minecraft:creeper":3,"minecraft:phantom":1,"minecraft:skeleton":13,"minecraft:zombie":9,"bossominium:forest_guardian_boss":5,"minecraft:piglin_brute":9,"minecraft:cow":2},"minecraft:picked_up":{"minecraft:charcoal":5,"minecraft:crafting_table":4,"minecraft:chainmail_boots":1,"minecraft:leather":2,"minecraft:smoker":1,"minecraft:flint":3,"minecraft:oak_log":24,"minecraft:chainmail_chestplate":2,"gravestone:obituary":1,"minecraft:gunpowder":5,"bossominium:guardian_sapling":3,"minecraft:dirt":25,"minecraft:string":2,"minecraft:iron_axe":1,"minecraft:leather_boots":1,"minecraft:bone":13,"minecraft:zombie_head":1,"minecraft:blue_orchid":5,"minecraft:wheat_seeds":7,"minecraft:spruce_planks":10,"minecraft:iron_ingot":5,"minecraft:beef":4,"minecraft:rose_bush":2,"minecraft:ender_eye":1,"minecraft:book":24,"minecraft:stick":8,"minecraft:raw_iron":2,"apotheosis:gem":3,"minecraft:gravel":27,"minecraft:arrow":42,"minecraft:stone_shovel":1,"minecraft:rotten_flesh":3,"minecraft:diamond":1,"minecraft:hay_block":21,"minecraft:iron_helmet":2,"minecraft:crossbow":1,"minecraft:emerald":1,"minecraft:oak_sapling":1,"minecraft:damaged_anvil":1,"minecraft:coal":23,"minecraft:cobblestone":134}},"DataVersion":3120}