{"stats":{"minecraft:dropped":{"minecraft:gravel":7,"biomesoplenty:toadstool":2,"minecraft:stone_axe":1,"minecraft:wheat_seeds":1,"minecraft:birch_sapling":1,"minecraft:cobblestone":1,"minecraft:lantern":1,"minecraft:granite":15,"minecraft:item_frame":1,"minecraft:flower_pot":1,"minecraft:wooden_axe":1,"minecraft:rose_bush":1,"gravestone:obituary":4,"minecraft:arrow":2,"spore:armor_fragment":2,"minecraft:spruce_sapling":13,"minecraft:bone":2},"minecraft:mined":{"the_silence:sad_satan":1,"minecraft:jack_o_lantern":2,"minecraft:crafting_table":4,"minecraft:granite":15,"minecraft:grass_block":7,"minecraft:rose_bush":6,"minecraft:cobblestone":6,"biomesoplenty:sprout":4,"minecraft:spruce_leaves":10,"minecraft:sugar_cane":3,"spore:acid":1,"minecraft:large_fern":4,"minecraft:potted_birch_sapling":2,"minecraft:furnace":2,"minecraft:iron_ore":5,"minecraft:sweet_berry_bush":50,"minecraft:spruce_log":2,"treechop:chopped_log":3,"minecraft:grass":6,"minecraft:bookshelf":11,"minecraft:coal_ore":38,"minecraft:gravel":11,"minecraft:dirt":10,"minecraft:cyan_carpet":7,"minecraft:stone":72,"minecraft:spruce_slab":1,"minecraft:fern":4},"minecraft:used":{"minecraft:jack_o_lantern":2,"minecraft:stone_pickaxe":120,"minecraft:wooden_pickaxe":40,"minecraft:rotten_flesh":7,"minecraft:dirt":2,"minecraft:crafting_table":5,"minecraft:wooden_axe":1,"minecraft:lectern":1,"minecraft:spruce_sapling":1,"minecraft:gravel":1,"minecraft:stone_axe":115,"minecraft:cobblestone":13,"minecraft:written_book":1,"minecraft:sweet_berries":65,"minecraft:furnace":3,"minecraft:cooked_porkchop":2,"minecraft:cooked_beef":4,"the_silence:sad_satan":1},"minecraft:killed":{"weeping_angels:weeping_angel":1,"minecraft:pig":5,"minecraft:skeleton":5,"minecraft:sheep":4,"minecraft:zombie":8,"spore:spitter":1},"minecraft:custom":{"minecraft:interact_with_furnace":18,"minecraft:mob_kills":24,"minecraft:interact_with_crafting_table":58,"minecraft:damage_dealt_resisted":0,"minecraft:leave_game":7,"minecraft:time_since_death":13935,"minecraft:sleep_in_bed":12,"minecraft:time_since_rest":13950,"minecraft:sprint_one_cm":211658,"minecraft:damage_taken":1558,"minecraft:walk_one_cm":204292,"minecraft:drop":32,"minecraft:damage_dealt":3553,"minecraft:swim_one_cm":1821,"minecraft:fly_one_cm":251579,"minecraft:open_chest":5,"minecraft:crouch_one_cm":8376,"minecraft:play_time":56546,"minecraft:deaths":2,"minecraft:sneak_time":2094,"minecraft:walk_under_water_one_cm":773,"minecraft:jump":1150,"minecraft:walk_on_water_one_cm":1156,"minecraft:total_world_time":56546,"minecraft:fall_one_cm":37116},"minecraft:picked_up":{"minecraft:wooden_axe":2,"minecraft:crafting_table":4,"minecraft:cooked_beef":6,"minecraft:flower_pot":2,"minecraft:flint":1,"gravestone:obituary":4,"minecraft:dirt":15,"minecraft:lantern":1,"minecraft:leather_boots":1,"minecraft:item_frame":1,"spore:corrosive_sack":1,"minecraft:bone":5,"minecraft:cyan_carpet":8,"minecraft:bow":2,"minecraft:wheat_seeds":2,"minecraft:written_book":2,"minecraft:rose_bush":6,"minecraft:spruce_slab":1,"minecraft:lectern":1,"minecraft:sugar_cane":5,"minecraft:birch_sapling":2,"minecraft:furnace":2,"minecraft:book":33,"biomesoplenty:toadstool":2,"minecraft:stick":4,"minecraft:raw_iron":5,"apotheosis:gem":11,"minecraft:stone":1,"minecraft:sweet_berries":97,"spore:armor_fragment":3,"minecraft:gravel":10,"the_silence:sad_satan":1,"minecraft:porkchop":8,"minecraft:spruce_sapling":14,"minecraft:spruce_log":17,"minecraft:arrow":8,"minecraft:rotten_flesh":16,"minecraft:stone_shovel":1,"minecraft:stone_axe":1,"minecraft:soul_lantern":2,"minecraft:granite":15,"sophisticatedbackpacks:copper_backpack":1,"minecraft:jack_o_lantern":3,"minecraft:mutton":6,"minecraft:black_wool":2,"minecraft:coal":39,"minecraft:white_wool":2,"minecraft:cobblestone":81},"minecraft:crafted":{"minecraft:cooked_porkchop":8,"minecraft:crafting_table":3,"minecraft:spruce_planks":68,"minecraft:wooden_pickaxe":2,"minecraft:furnace":1,"minecraft:stone_axe":2,"minecraft:cooked_mutton":4,"minecraft:air":0,"minecraft:shield":1,"minecraft:stick":28,"minecraft:iron_ingot":2,"minecraft:stone_pickaxe":2,"minecraft:wooden_axe":1},"minecraft:killed_by":{"minecraft:zombie":1}},"DataVersion":3120}