{"stats":{"minecraft:killed_by":{"spore:inf_hazmat":1},"minecraft:used":{"minecraft:iron_sword":28,"minecraft:rotten_flesh":1,"minecraft:splash_potion":1},"minecraft:mined":{"minecraft:light_gray_carpet":1,"minecraft:white_carpet":1,"gravestone:gravestone":1,"minecraft:white_stained_glass":1,"iceandfire:dread_stone_bricks_cracked":1},"minecraft:picked_up":{"apotheosis:gem":4,"minecraft:stone_brick_wall":1,"iceandfire:dread_stone_bricks_cracked":1,"minecraft:cobblestone_wall":7,"minecraft:iron_leggings":1,"minecraft:item_frame":4,"minecraft:white_carpet":1,"minecraft:arrow":1,"minecraft:rotten_flesh":1,"minecraft:stone_bricks":7,"spore:mutated_fiber":4,"minecraft:spruce_slab":6,"minecraft:light_gray_carpet":1,"minecraft:iron_sword":1,"minecraft:snowball":10,"minecraft:iron_boots":1},"minecraft:custom":{"minecraft:time_since_rest":326,"minecraft:interact_with_furnace":2,"minecraft:sprint_one_cm":39690,"minecraft:damage_taken":540,"minecraft:walk_one_cm":25499,"minecraft:trigger_trapped_chest":1,"minecraft:mob_kills":5,"minecraft:damage_dealt":1200,"minecraft:fly_one_cm":50191,"minecraft:open_chest":5,"minecraft:crouch_one_cm":3024,"minecraft:play_time":10263,"minecraft:deaths":2,"minecraft:sneak_time":786,"minecraft:jump":265,"minecraft:damage_dealt_resisted":0,"minecraft:interact_with_brewingstand":2,"minecraft:time_since_death":296,"minecraft:climb_one_cm":3887,"minecraft:total_world_time":10263,"minecraft:damage_resisted":0,"minecraft:fall_one_cm":9255},"minecraft:killed":{"spore:inf_hazmat":2,"spore:inf_player":2,"iceandfire:dread_beast":1}},"DataVersion":3120}