{"stats":{"minecraft:killed_by":{"minecraft:phantom":1},"minecraft:mined":{"minecraft:dark_oak_planks":1,"minecraft:spruce_planks":1,"iceandfire:silver_ore":2,"minecraft:dark_oak_fence":3,"gravestone:gravestone":1,"minecraft:ladder":1,"minecraft:granite":3,"minecraft:grass_block":1,"minecraft:white_concrete":1,"minecraft:spruce_leaves":1,"minecraft:birch_slab":1,"minecraft:composter":5,"minecraft:moss_block":1,"minecraft:spawner":1,"minecraft:large_fern":2,"storagedrawers:birch_full_drawers_2":2,"minecraft:redstone_ore":2,"minecraft:furnace":1,"minecraft:iron_ore":7,"minecraft:cobbled_deepslate":1,"minecraft:fire":2,"treechop:chopped_log":11,"minecraft:fletching_table":1,"minecraft:vine":1,"minecraft:cobblestone_slab":1,"minecraft:stone":424,"minecraft:birch_pressure_plate":2,"minecraft:smithing_table":2,"minecraft:clay":1,"minecraft:crafting_table":1,"minecraft:torch":8,"minecraft:blast_furnace":3,"minecraft:chest":5,"minecraft:rose_bush":4,"minecraft:campfire":1,"minecraft:tall_grass":3,"minecraft:glass":1,"minecraft:cobblestone":30,"minecraft:sugar_cane":2,"minecraft:birch_planks":2,"bossominium:guardian_sapling":1,"minecraft:dark_oak_door":1,"minecraft:beehive":1,"minecraft:birch_log":3,"minecraft:birch_leaves":5,"minecraft:white_carpet":2,"minecraft:yellow_bed":1,"minecraft:grass":16,"minecraft:oak_log":1,"minecraft:gravel":68,"minecraft:dirt":20,"minecraft:terracotta":6,"minecraft:oak_leaves":10,"minecraft:birch_fence":3,"minecraft:fern":3},"minecraft:crafted":{"minecraft:oak_planks":40,"minecraft:birch_boat":4,"minecraft:birch_slab":18,"minecraft:furnace":2,"minecraft:cooked_mutton":2,"minecraft:iron_axe":2,"storagedrawers:birch_full_drawers_2":8,"minecraft:chest":16,"sophisticatedbackpacks:iron_backpack":1,"minecraft:cooked_porkchop":6,"minecraft:crafting_table":5,"minecraft:iron_sword":2,"minecraft:birch_pressure_plate":2,"minecraft:smithing_table":1,"sophisticatedbackpacks:gold_backpack":1,"minecraft:birch_planks":216,"minecraft:stone_axe":1,"minecraft:bread":174,"minecraft:air":0,"minecraft:charcoal":15,"minecraft:birch_fence":3,"minecraft:stick":44,"minecraft:iron_ingot":7,"minecraft:iron_pickaxe":2,"minecraft:composter":1,"minecraft:torch":24},"minecraft:dropped":{"minecraft:bread":128,"minecraft:birch_planks":1,"minecraft:oak_log":15,"minecraft:diamond":1,"minecraft:crossbow":1,"minecraft:iron_helmet":1,"minecraft:cobblestone":169,"minecraft:spruce_stairs":2,"minecraft:leather_helmet":1,"minecraft:stick":3,"minecraft:flint":3,"minecraft:dirt":20,"minecraft:rose_bush":3,"minecraft:iron_leggings":1,"minecraft:gravel":35,"minecraft:sugar_cane":9,"minecraft:cobblestone_wall":1,"minecraft:birch_sapling":4,"minecraft:stone_shovel":1,"minecraft:rotten_flesh":10,"iceandfire:silver_ore":1,"minecraft:oak_planks":4,"patchouli:guide_book":4,"minecraft:potato":2,"minecraft:spruce_trapdoor":12,"minecraft:charcoal":8,"minecraft:leather_boots":2,"minecraft:chainmail_boots":4,"minecraft:arrow":32,"bossominium:guardian_sapling":1,"minecraft:terracotta":3},"minecraft:broken":{"minecraft:stone_pickaxe":1,"minecraft:chainmail_chestplate":1,"minecraft:iron_axe":1,"minecraft:wooden_sword":1,"minecraft:iron_sword":1,"minecraft:iron_pickaxe":1},"minecraft:used":{"minecraft:flint_and_steel":2,"minecraft:stone_shovel":65,"minecraft:chest":13,"minecraft:shield":33,"minecraft:iron_sword":262,"minecraft:torch":33,"minecraft:dirt":21,"minecraft:birch_pressure_plate":2,"minecraft:white_carpet":2,"minecraft:beehive":1,"minecraft:iron_axe":292,"minecraft:stone_brick_stairs":1,"minecraft:golden_carrot":4,"minecraft:beef":5,"storagedrawers:birch_full_drawers_2":10,"minecraft:furnace":4,"minecraft:cooked_mutton":2,"minecraft:birch_planks":2,"minecraft:stone_pickaxe":129,"minecraft:birch_boat":3,"minecraft:composter":6,"minecraft:cobblestone_slab":14,"minecraft:fletching_table":1,"minecraft:crafting_table":6,"minecraft:blast_furnace":2,"minecraft:crossbow":8,"minecraft:birch_fence":5,"waystones:waystone":3,"minecraft:apple":2,"minecraft:birch_slab":7,"minecraft:bread":120,"minecraft:iron_pickaxe":387,"minecraft:gravel":8,"minecraft:stone_axe":61,"minecraft:wooden_sword":60,"minecraft:cobblestone":139,"minecraft:cooked_porkchop":6,"minecraft:smithing_table":2,"minecraft:birch_log":3,"minecraft:yellow_bed":1},"minecraft:custom":{"minecraft:interact_with_smithing_table":3,"minecraft:mob_kills":73,"minecraft:interact_with_crafting_table":49,"minecraft:open_barrel":20,"minecraft:damage_dealt_resisted":0,"minecraft:leave_game":4,"minecraft:time_since_death":100168,"minecraft:climb_one_cm":25964,"minecraft:damage_resisted":0,"minecraft:sprint_one_cm":655856,"minecraft:walk_one_cm":427836,"minecraft:damage_blocked_by_shield":815,"minecraft:drop":56,"minecraft:talked_to_villager":40,"minecraft:play_time":164002,"minecraft:sneak_time":8745,"minecraft:deaths":1,"minecraft:walk_under_water_one_cm":6539,"minecraft:boat_one_cm":51555,"minecraft:jump":3621,"minecraft:interact_with_blast_furnace":2,"minecraft:walk_on_water_one_cm":4014,"minecraft:total_world_time":164002,"minecraft:interact_with_furnace":40,"spartanshields:shield_bash_hits":26,"minecraft:traded_with_villager":29,"minecraft:sleep_in_bed":1,"minecraft:time_since_rest":14143,"minecraft:waystone_activated":3,"minecraft:damage_absorbed":1266,"minecraft:damage_taken":8134,"minecraft:trigger_trapped_chest":2,"minecraft:damage_dealt":23673,"minecraft:swim_one_cm":10458,"minecraft:fly_one_cm":721548,"minecraft:open_chest":134,"minecraft:crouch_one_cm":30132,"minecraft:fall_one_cm":112903},"minecraft:killed":{"minecraft:spider":2,"minecraft:vindicator":1,"minecraft:skeleton":41,"minecraft:bee":2,"minecraft:skeleton_horse":1,"minecraft:pig":2,"minecraft:zombie_villager":1,"minecraft:creeper":5,"minecraft:sheep":1,"cataclysm:deepling_brute":1,"minecraft:zombie":6,"iceandfire:ghost":1,"bossominium:forest_guardian_boss":2,"minecraft:cow":6,"minecraft:enderman":1},"minecraft:picked_up":{"minecraft:crafting_table":1,"minecraft:charcoal":2,"minecraft:iron_chestplate":1,"minecraft:chainmail_boots":4,"minecraft:ladder":1,"minecraft:clay_ball":4,"minecraft:smithing_table":2,"minecraft:stone_brick_wall":1,"minecraft:stone_brick_stairs":13,"minecraft:string":4,"minecraft:item_frame":2,"minecraft:white_carpet":2,"minecraft:birch_fence":3,"minecraft:cobbled_deepslate":1,"minecraft:spruce_planks":5,"minecraft:beef":12,"minecraft:rose_bush":3,"minecraft:cobblestone_slab":2,"minecraft:spruce_slab":2,"minecraft:sugar_cane":18,"minecraft:chest":5,"minecraft:birch_sapling":7,"minecraft:spruce_trapdoor":12,"minecraft:furnace":1,"minecraft:dark_oak_door":1,"minecraft:beehive":1,"minecraft:stick":13,"minecraft:raw_iron":7,"apotheosis:gem":5,"minecraft:composter":5,"minecraft:torch":9,"minecraft:spruce_stairs":2,"iceandfire:silver_ore":1,"minecraft:porkchop":6,"minecraft:redstone":8,"minecraft:stone_pressure_plate":1,"jet_and_elias_armors:outrider_set_helmet":1,"minecraft:arrow":62,"minecraft:rotten_flesh":7,"minecraft:mutton":2,"minecraft:white_wool":1,"minecraft:cobblestone":533,"minecraft:birch_log":57,"minecraft:birch_slab":1,"minecraft:leather":8,"minecraft:potato":1,"minecraft:birch_planks":2,"minecraft:flint":4,"minecraft:oak_log":25,"minecraft:chainmail_chestplate":2,"minecraft:cobblestone_wall":1,"minecraft:yellow_bed":1,"minecraft:gunpowder":4,"bossominium:guardian_sapling":1,"minecraft:dirt":65,"minecraft:birch_pressure_plate":2,"minecraft:leather_boots":1,"minecraft:bone":40,"minecraft:apple":2,"minecraft:stone_bricks":20,"minecraft:wheat_seeds":1,"minecraft:iron_ingot":2,"minecraft:stone_pickaxe":1,"minecraft:fletching_table":1,"minecraft:moss_block":1,"storagedrawers:birch_full_drawers_2":2,"minecraft:birch_boat":3,"patchouli:guide_book":3,"minecraft:gravel":67,"minecraft:spruce_sapling":3,"minecraft:blast_furnace":3,"minecraft:spruce_log":9,"minecraft:dark_oak_log":20,"minecraft:spider_eye":1,"waystones:waystone":4,"minecraft:granite":3,"minecraft:white_concrete":1,"minecraft:emerald":1,"minecraft:bread":12,"minecraft:terracotta":5,"minecraft:dark_oak_fence":3,"minecraft:coal":21}},"DataVersion":3120}