{"stats":{"minecraft:dropped":{"biomesoplenty:fir_log":82,"minecraft:bread":4,"minecraft:cooked_beef":8,"minecraft:coal":2,"bossominium:the_bossdexium":1,"minecraft:dark_oak_fence":1,"minecraft:mutton":2,"minecraft:wooden_axe":4,"minecraft:brown_wool":1,"gravestone:obituary":4,"minecraft:white_wool":1,"storagedrawers:oak_trim":8,"minecraft:stone_axe":1,"weeping_angels:coffin":1,"minecraft:stone_shovel":1,"minecraft:pumpkin_seeds":2,"minecraft:mangrove_log":4,"minecraft:spruce_planks":102,"minecraft:charcoal":17,"minecraft:chest":2,"sophisticatedbackpacks:copper_backpack":1,"minecraft:wooden_pickaxe":1,"minecraft:lectern":1},"minecraft:mined":{"minecraft:spruce_planks":5,"the_silence:sad_satan":11,"minecraft:jack_o_lantern":1,"minecraft:dark_oak_fence":1,"gravestone:gravestone":3,"minecraft:grass_block":5,"weeping_angels:coffin":10,"minecraft:spruce_leaves":4,"spore:growths_small":1,"minecraft:large_fern":1,"biomesoplenty:toadstool":1,"storagedrawers:oak_trim":4,"minecraft:pumpkin":10,"treechop:chopped_log":8,"minecraft:vine":1,"minecraft:iron_bars":1,"minecraft:stone":153,"minecraft:spruce_slab":2,"minecraft:crafting_table":1,"minecraft:torch":4,"minecraft:rose_bush":2,"minecraft:lectern":1,"minecraft:copper_ore":6,"minecraft:cobblestone":1,"biomesoplenty:sprout":2,"minecraft:sugar_cane":5,"minecraft:wall_torch":3,"minecraft:purple_bed":2,"minecraft:sweet_berry_bush":21,"minecraft:spruce_log":1,"biomesoplenty:fir_log":1,"minecraft:grass":13,"minecraft:coal_ore":1,"minecraft:sunflower":3,"minecraft:gray_carpet":2,"minecraft:cobweb":15,"minecraft:oak_leaves":4,"minecraft:fern":9},"minecraft:broken":{"minecraft:stone_pickaxe":1},"minecraft:used":{"weeping_angels:coffin":11,"minecraft:jack_o_lantern":1,"minecraft:stone_sword":108,"minecraft:spruce_slab":102,"minecraft:stone_shovel":1,"minecraft:ladder":35,"minecraft:chest":10,"minecraft:spruce_planks":13,"minecraft:shield":2,"minecraft:cooked_chicken":5,"minecraft:rotten_flesh":2,"minecraft:torch":25,"minecraft:dirt":4,"minecraft:mutton":1,"minecraft:wooden_axe":62,"minecraft:iron_helmet":1,"minecraft:sweet_berries":25,"minecraft:furnace":2,"minecraft:cooked_beef":17,"minecraft:cooked_mutton":2,"minecraft:gray_carpet":2,"minecraft:stone_pickaxe":169,"minecraft:baked_potato":2,"minecraft:wooden_pickaxe":6,"minecraft:crafting_table":3,"sophisticatedbackpacks:backpack":1,"minecraft:apple":4,"minecraft:bread":14,"minecraft:stone_axe":95,"storagedrawers:oak_trim":4,"minecraft:wooden_sword":19,"minecraft:cobblestone":72,"minecraft:purple_bed":2,"biomesoplenty:fir_log":1,"the_silence:sad_satan":11},"minecraft:killed":{"weeping_angels:weeping_angel":1,"minecraft:spider":1,"minecraft:skeleton":6,"minecraft:chicken":15,"minecraft:sheep":2,"minecraft:trader_llama":2,"minecraft:zombie":7,"iceandfire:ghost":2,"endofherobrine:cow":1,"minecraft:cow":13},"minecraft:custom":{"minecraft:mob_kills":50,"minecraft:interact_with_crafting_table":40,"minecraft:damage_dealt_resisted":0,"minecraft:leave_game":13,"minecraft:time_since_death":34627,"minecraft:climb_one_cm":9160,"minecraft:sprint_one_cm":363901,"minecraft:walk_one_cm":139009,"minecraft:damage_blocked_by_shield":70,"minecraft:drop":47,"minecraft:talked_to_villager":5,"minecraft:play_time":83988,"minecraft:deaths":4,"minecraft:sneak_time":6962,"minecraft:walk_under_water_one_cm":2385,"minecraft:interact_with_lectern":1,"minecraft:jump":2367,"minecraft:walk_on_water_one_cm":3734,"minecraft:total_world_time":83988,"minecraft:interact_with_furnace":41,"minecraft:sleep_in_bed":72,"minecraft:time_since_rest":1442,"minecraft:damage_taken":3368,"minecraft:trigger_trapped_chest":2,"minecraft:damage_dealt":6963,"minecraft:swim_one_cm":3560,"minecraft:fly_one_cm":475471,"minecraft:open_chest":94,"minecraft:crouch_one_cm":27788,"minecraft:interact_with_smoker":2,"minecraft:fall_one_cm":68591},"minecraft:picked_up":{"minecraft:charcoal":17,"minecraft:crafting_table":1,"minecraft:chicken":15,"minecraft:lead":2,"minecraft:wooden_pickaxe":1,"gravestone:obituary":2,"minecraft:string":14,"minecraft:raw_copper":23,"minecraft:spruce_planks":157,"minecraft:beef":25,"minecraft:rose_bush":1,"minecraft:spruce_slab":8,"minecraft:lectern":1,"minecraft:sugar_cane":18,"minecraft:chest":2,"minecraft:mangrove_log":4,"minecraft:egg":5,"minecraft:stick":27,"storagedrawers:oak_trim":12,"minecraft:torch":7,"the_silence:sad_satan":11,"minecraft:arrow":7,"minecraft:rotten_flesh":7,"weeping_angels:coffin":11,"minecraft:mutton":3,"minecraft:iron_bars":1,"minecraft:white_wool":2,"minecraft:cobblestone":152,"minecraft:feather":13,"minecraft:brown_wool":1,"minecraft:leather":14,"biomesoplenty:fir_sapling":8,"biomesoplenty:fir_log":111,"minecraft:dirt":5,"minecraft:bone":6,"minecraft:apple":1,"minecraft:gray_carpet":2,"minecraft:bow":1,"minecraft:iron_ingot":1,"minecraft:sweet_berries":52,"minecraft:pumpkin":10,"minecraft:spruce_sapling":18,"minecraft:spruce_log":45,"minecraft:purple_bed":2,"minecraft:stone_axe":1,"minecraft:writable_book":1,"minecraft:granite":1,"minecraft:bread":4,"minecraft:jack_o_lantern":1,"minecraft:oak_sapling":7,"minecraft:coal":2,"minecraft:dark_oak_fence":1,"minecraft:wooden_axe":2,"minecraft:sunflower":3},"minecraft:crafted":{"minecraft:cooked_chicken":5,"minecraft:furnace":2,"minecraft:cooked_mutton":2,"sophisticatedbackpacks:copper_backpack":2,"minecraft:ladder":45,"minecraft:spruce_slab":128,"minecraft:stone_pickaxe":2,"minecraft:chest":11,"minecraft:cooked_beef":25,"sophisticatedbackpacks:backpack":3,"minecraft:crafting_table":2,"minecraft:spruce_planks":155,"minecraft:baked_potato":2,"minecraft:copper_ingot":23,"minecraft:mangrove_planks":16,"minecraft:air":0,"biomesoplenty:fir_planks":264,"minecraft:charcoal":0,"minecraft:shield":1,"minecraft:stick":96,"minecraft:wooden_axe":1,"minecraft:stone_sword":1,"minecraft:torch":40},"minecraft:killed_by":{"endofherobrine:cow":1}},"DataVersion":3120}