{"stats":{"minecraft:dropped":{"minecraft:enchanted_book":1,"minecraft:wheat_seeds":1,"biomesoplenty:maple_sapling":1,"minecraft:cobblestone":1,"minecraft:book":11,"minecraft:apple":2,"minecraft:granite":12,"minecraft:cracked_stone_bricks":2,"minecraft:spruce_stairs":1,"minecraft:stick":4,"minecraft:dirt":37,"minecraft:dark_oak_log":14,"minecraft:mossy_cobblestone_slab":1,"minecraft:wooden_axe":3,"gravestone:obituary":8,"minecraft:bone_meal":4,"minecraft:wither_rose":1,"minecraft:string":2,"minecraft:dark_oak_planks":2,"minecraft:white_wool":6,"minecraft:stone_brick_slab":2,"minecraft:polished_andesite_slab":2,"minecraft:andesite_slab":2,"spore:cerebrum":1,"minecraft:cobblestone_slab":1,"minecraft:spruce_trapdoor":2,"minecraft:skeleton_skull":1,"minecraft:stone_brick_wall":1,"apotheosis:gem":2,"minecraft:chest":1,"minecraft:leather_leggings":1,"minecraft:stone_bricks":12,"minecraft:stone_pickaxe":1,"minecraft:wooden_pickaxe":2,"minecraft:stone_brick_stairs":1,"minecraft:egg":1},"minecraft:mined":{"minecraft:white_bed":5,"minecraft:mossy_stone_brick_slab":1,"gravestone:gravestone":7,"minecraft:grass_block":5,"minecraft:soul_soil":4,"minecraft:polished_andesite_slab":2,"minecraft:spruce_leaves":1,"minecraft:deepslate_tile_stairs":1,"minecraft:moss_block":4,"minecraft:infested_chiseled_stone_bricks":4,"minecraft:spawner":2,"minecraft:large_fern":1,"minecraft:mossy_cobblestone_slab":2,"graveyard:tg_moss_block":4,"minecraft:fire":2,"treechop:chopped_log":1,"minecraft:cobblestone_slab":1,"iceandfire:gold_pile":15,"minecraft:dirt_path":2,"minecraft:stone":25,"minecraft:bone_block":2,"minecraft:soul_sand":6,"minecraft:stone_brick_slab":7,"minecraft:crafting_table":5,"minecraft:chest":1,"minecraft:andesite_slab":2,"graveyard:tg_grass_block":1,"minecraft:white_candle":1,"biomesoplenty:sprout":2,"minecraft:damaged_anvil":1,"minecraft:coarse_dirt":1,"graveyard:oak_coffin":10,"graveyard:vase_block":1,"minecraft:grass":9,"minecraft:cracked_deepslate_tiles":1,"minecraft:dirt":43,"graveyard:leaning_skeleton":1,"minecraft:cobweb":8,"minecraft:cracked_stone_bricks":5,"minecraft:stone_bricks":6,"minecraft:chipped_anvil":1,"minecraft:oak_leaves":8,"minecraft:fern":1},"minecraft:broken":{"minecraft:shield":1},"minecraft:used":{"minecraft:beetroot":23,"minecraft:stone_sword":108,"minecraft:stone_shovel":16,"minecraft:bone_block":4,"minecraft:shield":80,"minecraft:dirt":18,"minecraft:mutton":12,"minecraft:carrot":31,"minecraft:granite":5,"minecraft:stone_brick_slab":3,"minecraft:wooden_axe":10,"minecraft:item_frame":1,"minecraft:golden_carrot":4,"minecraft:sweet_berries":2,"minecraft:damaged_anvil":1,"minecraft:stone_pickaxe":63,"minecraft:wooden_pickaxe":29,"minecraft:crafting_table":4,"minecraft:white_bed":5,"biomesoplenty:orange_autumn_sapling":11,"minecraft:apple":2,"minecraft:leather_helmet":1,"minecraft:stone_axe":64,"minecraft:cobweb":4},"minecraft:killed":{"minecraft:skeleton":1,"iceandfire:fire_dragon":1,"minecraft:silverfish":8,"spore:inf_player":1,"spore:inf_pillager":1,"minecraft:sheep":7,"spore:inf_villager":1,"minecraft:zombie":3,"camocreepers:camo_creeper":1,"iceandfire:ghost":1,"spore:inf_witch":1,"endofherobrine:cow":2,"minecraft:cow":6},"minecraft:custom":{"minecraft:interact_with_anvil":5,"minecraft:mob_kills":35,"minecraft:interact_with_crafting_table":12,"minecraft:damage_dealt_resisted":0,"minecraft:leave_game":1,"minecraft:time_since_death":8657,"minecraft:climb_one_cm":761,"minecraft:sprint_one_cm":303290,"minecraft:walk_one_cm":280840,"minecraft:damage_blocked_by_shield":570,"minecraft:drop":58,"minecraft:play_time":60448,"minecraft:deaths":7,"minecraft:sneak_time":2291,"minecraft:walk_under_water_one_cm":2431,"minecraft:jump":2011,"minecraft:walk_on_water_one_cm":977,"minecraft:total_world_time":60448,"minecraft:interact_with_grindstone":5,"minecraft:sleep_in_bed":2,"minecraft:time_since_rest":8694,"minecraft:damage_taken":4016,"minecraft:trigger_trapped_chest":1,"minecraft:damage_dealt":7096,"minecraft:swim_one_cm":1286,"minecraft:fly_one_cm":216951,"minecraft:open_chest":54,"minecraft:crouch_one_cm":12778,"minecraft:fall_one_cm":35110},"minecraft:picked_up":{"minecraft:wooden_axe":2,"minecraft:crafting_table":5,"minecraft:wooden_pickaxe":1,"biomesoplenty:orange_autumn_sapling":11,"minecraft:stone_brick_wall":1,"minecraft:wither_rose":2,"minecraft:enchanted_book":1,"minecraft:stone_brick_stairs":1,"gravestone:obituary":2,"minecraft:string":9,"minecraft:soul_soil":4,"minecraft:item_frame":4,"minecraft:cracked_stone_bricks":2,"minecraft:gold_nugget":116,"minecraft:spruce_planks":6,"minecraft:beef":9,"minecraft:cobblestone_slab":1,"minecraft:spruce_slab":2,"minecraft:chest":2,"minecraft:spruce_trapdoor":2,"minecraft:egg":1,"apotheosis:gem":5,"minecraft:stick":8,"iceandfire:dragonbone":8,"iceandfire:dragonscales_gray":23,"minecraft:spruce_stairs":1,"minecraft:redstone":2,"minecraft:deepslate_tile_stairs":1,"minecraft:hay_block":18,"iceandfire:fire_dragon_heart":1,"minecraft:mutton":12,"minecraft:white_wool":6,"minecraft:skeleton_skull":2,"minecraft:bone_block":2,"minecraft:cobblestone":23,"minecraft:cracked_deepslate_tiles":1,"minecraft:mossy_cobblestone_slab":1,"minecraft:leather":6,"minecraft:oak_log":2,"minecraft:cobblestone_wall":17,"minecraft:dirt":55,"minecraft:bone":42,"minecraft:chipped_anvil":1,"minecraft:apple":4,"minecraft:stone_bricks":12,"minecraft:wheat_seeds":18,"minecraft:stone_pickaxe":1,"minecraft:cobweb":8,"spore:mutated_fiber":15,"minecraft:moss_block":3,"minecraft:polished_andesite_slab":2,"iceandfire:fire_dragon_flesh":2,"minecraft:soul_sand":6,"minecraft:book":11,"spore:cerebrum":2,"minecraft:sweet_berries":2,"minecraft:stone_brick_slab":6,"iceandfire:dragon_skull_fire":1,"minecraft:white_bed":5,"minecraft:dark_oak_log":19,"graveyard:oak_coffin":10,"minecraft:white_candle":2,"biomesoplenty:maple_sapling":1,"waystones:waystone":1,"minecraft:chainmail_leggings":1,"minecraft:bone_meal":5,"minecraft:granite":17,"spore:spine_fragment":2,"minecraft:damaged_anvil":1,"minecraft:black_wool":1,"minecraft:andesite_slab":2},"minecraft:crafted":{"minecraft:wooden_axe":1},"minecraft:killed_by":{"spore:inf_witch":1,"spore:leaper":1,"iceandfire:fire_dragon":5}},"DataVersion":3120}