{"stats":{"minecraft:dropped":{"minecraft:cobblestone":1,"minecraft:book":3,"minecraft:apple":2,"minecraft:granite":12,"minecraft:cracked_stone_bricks":2,"minecraft:spruce_stairs":1,"minecraft:stick":3,"minecraft:dirt":37,"minecraft:cobblestone_slab":1,"minecraft:mossy_cobblestone_slab":1,"minecraft:spruce_trapdoor":2,"minecraft:skeleton_skull":1,"minecraft:wooden_axe":3,"minecraft:stone_brick_wall":1,"apotheosis:gem":1,"minecraft:leather_leggings":1,"minecraft:stone_bricks":12,"minecraft:wooden_pickaxe":2,"minecraft:dark_oak_planks":2,"minecraft:string":2,"minecraft:stone_brick_stairs":1,"minecraft:white_wool":6,"minecraft:stone_brick_slab":2},"minecraft:mined":{"minecraft:white_bed":3,"minecraft:mossy_stone_brick_slab":1,"minecraft:stone_brick_slab":7,"minecraft:crafting_table":4,"gravestone:gravestone":1,"minecraft:grass_block":5,"minecraft:deepslate_tile_stairs":1,"graveyard:tg_grass_block":1,"minecraft:spruce_leaves":1,"biomesoplenty:sprout":2,"minecraft:infested_chiseled_stone_bricks":4,"minecraft:spawner":1,"graveyard:oak_coffin":9,"minecraft:mossy_cobblestone_slab":2,"graveyard:vase_block":1,"graveyard:tg_moss_block":4,"treechop:chopped_log":1,"minecraft:cracked_deepslate_tiles":1,"minecraft:grass":7,"minecraft:cobblestone_slab":1,"minecraft:dirt_path":2,"graveyard:leaning_skeleton":1,"minecraft:dirt":43,"minecraft:cobweb":1,"minecraft:cracked_stone_bricks":5,"minecraft:stone":25,"minecraft:stone_bricks":6,"minecraft:bone_block":2},"minecraft:used":{"minecraft:beetroot":23,"minecraft:stone_sword":16,"minecraft:stone_pickaxe":31,"minecraft:bone_block":4,"minecraft:shield":1,"minecraft:wooden_pickaxe":29,"minecraft:mutton":1,"minecraft:dirt":18,"minecraft:crafting_table":3,"minecraft:white_bed":2,"minecraft:carrot":31,"minecraft:granite":5,"biomesoplenty:orange_autumn_sapling":11,"minecraft:wooden_axe":10,"minecraft:stone_brick_slab":3,"minecraft:apple":2,"minecraft:leather_helmet":1,"minecraft:item_frame":1,"minecraft:stone_axe":64,"minecraft:sweet_berries":2},"minecraft:killed":{"spore:inf_player":1,"minecraft:skeleton":1,"spore:inf_pillager":1,"minecraft:sheep":7,"minecraft:zombie":3,"camocreepers:camo_creeper":1,"minecraft:silverfish":8,"spore:inf_witch":1,"endofherobrine:cow":1,"minecraft:cow":5},"minecraft:custom":{"minecraft:mob_kills":29,"minecraft:interact_with_crafting_table":6,"minecraft:damage_dealt_resisted":0,"minecraft:leave_game":1,"minecraft:time_since_death":20084,"minecraft:sleep_in_bed":2,"minecraft:climb_one_cm":761,"minecraft:time_since_rest":4289,"minecraft:sprint_one_cm":194756,"minecraft:damage_taken":1139,"minecraft:walk_one_cm":176634,"minecraft:damage_blocked_by_shield":30,"minecraft:trigger_trapped_chest":1,"minecraft:drop":30,"minecraft:damage_dealt":3770,"minecraft:swim_one_cm":1191,"minecraft:fly_one_cm":114145,"minecraft:open_chest":12,"minecraft:crouch_one_cm":12751,"minecraft:play_time":42448,"minecraft:deaths":1,"minecraft:sneak_time":2281,"minecraft:walk_under_water_one_cm":2226,"minecraft:jump":747,"minecraft:walk_on_water_one_cm":887,"minecraft:total_world_time":42448,"minecraft:fall_one_cm":20542},"minecraft:picked_up":{"minecraft:wooden_axe":2,"minecraft:crafting_table":4,"minecraft:mossy_cobblestone_slab":1,"minecraft:leather":4,"minecraft:wooden_pickaxe":1,"biomesoplenty:orange_autumn_sapling":11,"minecraft:stone_brick_wall":1,"minecraft:wither_rose":1,"minecraft:enchanted_book":1,"minecraft:stone_brick_stairs":1,"minecraft:cobblestone_wall":17,"minecraft:dirt":55,"minecraft:string":2,"minecraft:item_frame":4,"minecraft:bone":42,"minecraft:apple":4,"minecraft:stone_bricks":12,"minecraft:cracked_stone_bricks":2,"minecraft:wheat_seeds":17,"minecraft:spruce_planks":6,"minecraft:beef":9,"minecraft:cobweb":5,"minecraft:cobblestone_slab":1,"spore:mutated_fiber":8,"minecraft:spruce_slab":2,"minecraft:spruce_trapdoor":2,"minecraft:book":3,"minecraft:stick":7,"spore:cerebrum":1,"apotheosis:gem":4,"minecraft:sweet_berries":2,"minecraft:stone_brick_slab":6,"minecraft:spruce_stairs":1,"minecraft:white_bed":3,"minecraft:deepslate_tile_stairs":1,"minecraft:dark_oak_log":19,"graveyard:oak_coffin":9,"waystones:waystone":1,"minecraft:chainmail_leggings":1,"minecraft:hay_block":18,"minecraft:granite":17,"minecraft:bone_meal":5,"spore:spine_fragment":2,"minecraft:black_wool":1,"minecraft:bone_block":2,"minecraft:mutton":12,"minecraft:skeleton_skull":2,"minecraft:white_wool":6,"minecraft:cobblestone":23,"minecraft:cracked_deepslate_tiles":1},"minecraft:crafted":{"minecraft:wooden_axe":1},"minecraft:killed_by":{"spore:inf_witch":1}},"DataVersion":3120}